sample	length	coverage	vaf	ar	seq	sense	start_protein_as	insertion_site_protein_as	insertion_site_domain	translated_seq
AR	24	4472	2.5492	0.026159	AGAGAATATGAA	{-1}	591	599	exon14_JMD_zipperMotif	REYE
AR	24	5521	41.496	0.70928	CGTTGATTTCAGAGAATATGAATA	{1, -1}	591	599	exon14_JMD_zipperMotif	VDFREYE
AR	78	1862	7.4651	0.080673	AAAAAGCAG	{1}	622	.	intron15_spliceDonor	MLF
DN	21	4760	1.4076	0.014277	GATTTCAGAGAATATGAATA	{1, -1}	592	599	exon14_JMD_zipperMotif	DFREYE
DN	21	4733	38.2	0.61812	TTCAGAGAATATGAATATGAT	{1, -1}	594	601	exon14_JMD_zipperMotif	FREYEYD
DN	48	4712	0.46689	0.0046908	GCTCCTCAGATAATGAGTACTTCTACGTTGATTTCAGAGAATATGAAT	{1, -1}	583	599	exon14_JMD_zipperMotif	SSDNEYFYVDFREYE
DN	51	4671	0.38536	0.0038685	GCTCCTCAGATAATGAGTACTTCTACGTTGATTTCAGAGAATATGAATATG	{1, -1}	583	600	exon14_JMD_zipperMotif	SSDNEYFYVDFREYEY
DN	77	2968	0.40431	0.0040595	AGATCGGAAG	{1}	611	637	exon15_TKD1_3primeOfBeta2Sheet	FRS
DN	78	1762	7.3212	0.078995	AAAAAGCAG	{1}	622	.	intron15_spliceDonor	MLF
DNF	78	1739	6.383	0.068182	AAAAAGCAG	{1}	622	.	intron15_spliceDonor	MLF
DNF	110	4726	9.6488	0.10679	GAGAATATGAATATGATCTCAAATGGGAGGA	{1, -1}	569	605	exon14_JMD_hingeRegion	EYEYDLKWE
FE	21	1955	11.304	0.12745	GAATATGAATATGATCTCAAA	{1, -1}	596	603	exon14_JMD_zipperMotif	EYEYDLK
FE	24	1976	10.982	0.12337	ATATGAATATGATCTCAAATGGGA	{1, -1}	596	604	exon14_JMD_hingeRegion	YEYDLKW
FE	78	609	9.688	0.10727	AAAAAGCAG	{1}	622	.	intron15_spliceDonor	MLF
FE	90	951	1.7876	0.018201	AAAATTTAGA	{-1}	581	611	exon14_TKD1_beta1Sheet	KFR
FE	90	1201	1.582	0.016074	ACCGGCTCCTCAGA	{1}	582	612	exon14_TKD1_beta1Sheet	TGSS
FE	119	1976	5.3644	0.056685	TGATCTCAAATGGGAGTTTCCAAGAGA	{1, -1}	569	608	exon14_JMD_hingeRegion	DLKWEFPR
FF	30	3540	28.249	0.39371	GGTGAATATGAATATGATCTCAAATGGGAG	{1, -1}	595	605	exon14_JMD_hingeRegion	GEYEYDLKWE
FF	30	3746	5.4458	0.057595	TATGAATATGATCTCAAATGGGAGGGT	{1, -1}	596	606	exon14_JMD_hingeRegion	YEYDLKWEG
FF	78	1324	5.5891	0.0592	AAAAAGCAG	{1}	622	.	intron15_spliceDonor	MLF
LS	39	26	46.154	0.85715	AAACCCTTTCAGAGAATATGAATATGATCTCAAATGGGA	{1, -1}	591	604	exon14_JMD_hingeRegion	NPFREYEYDLKW
MD	24	6618	1.8435	0.018781	GATTTCAGAGAATATGAATATGAT	{1, -1}	593	601	exon14_JMD_zipperMotif	DFREYEYD
MD	57	7366	6.9509	0.074702	CCAAGAG	{1, -1}	589	608	exon14_JMD_hingeRegion	PR
MD	57	7366	17.676	0.21471	CTTCTACGTTGATTTCAGAGAATATGAATATGATCTCAAATGGGAGTTTCCAAGAGA	{1, -1}	589	608	exon14_JMD_hingeRegion	FYVDFREYEYDLKWEFPR
MD	78	2297	7.5316	0.081451	AAAAAGCAG	{1}	622	.	intron15_spliceDonor	MLF
NG	21	1279	0.31274	0.0031372	TTCAGAGAATATGAATATGAT	{1, -1}	594	601	exon14_JMD_zipperMotif	FREYEYD
NG	45	1427	12.404	0.1416	TTGATTTCAGAGAATAT	{1, -1}	583	598	exon14_JMD_zipperMotif	DFREY
NG	45	1367	25.384	0.3402	GCTCCTCAGATAATGAGTACTTCTACGTTGATTTCAGAGAATATG	{1, -1}	583	598	exon14_JMD_zipperMotif	SSDNEYFYVDFREY
NG	60	836	1.7943	0.018271	ATTTCAGAGAATATGAATATGATCTCAAATGGGAGTTTCCAAGAGAAAATTTAGAGTTTG	{-1}	593	613	exon15_TKD1_beta1Sheet	FREYEYDLKWEFPRENLEF
NG	78	491	6.5173	0.069716	AAAAAGCAG	{1}	622	.	intron15_spliceDonor	MLF
NG	82	1058	0.37807	0.003795	CGATCT	{-1}	574	601	exon14_JMD_zipperMotif	RS
RL.1	78	1312	8.4604	0.092423	AAAAAGCAG	{1}	622	.	intron15_spliceDonor	MLF
RL.1	124	4405	8.1725	0.088998	TTGATTTCAGAGAATATGAATATGATCTCAAATGGGAGTTTCCAAGAGAAAATT	{1, -1}	569	610	exon14_TKD1_beta1Sheet	DFREYEYDLKWEFPREN
RL.2	78	1136	5.5458	0.058714	AAAAAGCAG	{1}	622	.	intron15_spliceDonor	MLF
RL.2	105	2191	1.7344	0.01765	AATGGAAACGGCTCCTCAGATAA	{1}	580	615	exon15_TKD1_beta1Sheet	NGNGSSD
SE	33	5214	2.9919	0.030842	GAATATGATCTCA	{1, -1}	591	602	exon14_JMD_zipperMotif	EYDL
SE	33	5214	28.021	0.38929	CGTTGATTTCAGAGAATATGAATATGATCTCAA	{1, -1}	591	602	exon14_JMD_zipperMotif	VDFREYEYDL
SE	78	1991	6.7805	0.072737	AAAAAGCAG	{1}	622	.	intron15_spliceDonor	MLF
SF	21	5727	1.0651	0.010766	GAATATGAA	{1, -1}	596	603	exon14_JMD_zipperMotif	EYE
SF	21	5727	50.288	1.0116	GAATATGAATATGATCTCAAA	{1, -1}	596	603	exon14_JMD_zipperMotif	EYEYDLK
SF	78	2305	6.8113	0.073091	AAAAAGCAG	{1}	622	.	intron15_spliceDonor	MLF
SM	27	221	8.5973	0.094059	TGGGGAACCCTACGTTGATTTCAGAGA	{1, -1}	587	596	exon14_JMD_zipperMotif	GEPYVDFR
SM	78	71	7.0423	0.075758	AAAAAGCAG	{1}	622	.	intron15_spliceDonor	MLF
TR	30	374	23.797	0.31228	AGGGAAAATGATTTCAGAGAATATGAATAT	{1, -1}	590	600	exon14_JMD_zipperMotif	RENDFREYEY
TR	77	171	3.5088	0.036364	AGATCGGAAG	{1}	611	637	exon15_TKD1_3primeOfBeta2Sheet	FRS
TR	78	119	10.084	0.11215	AAAAAGCAG	{1}	622	.	intron15_spliceDonor	MLF
