sample	mutation	t_seq	itd	type
AR	JMD	REYE;VDFREYE	2	JMD1
DN	JMD+TKD	DFREYE;FREYEYD;SSDNEYFYVDFREYE;SSDNEYFYVDFREYEY;FRS	5	JMD_TKD1
DNF	JMD	EYEYDLKWE	1	JMD2
FE	JMD+TKD	EYEYDLK;YEYDLKW;KFR;TGSS;DLKWEFPR	5	JMD_TKD2
FF	JMD	GEYEYDLKWE;YEYDLKWEG	2	JMD3
LS	JMD	NPFREYEYDLKW	1	JMD4
MD	JMD	DFREYEYD;PR;FYVDFREYEYDLKWEFPR	3	JMD5
NG	JMD+TKD	FREYEYD;DFREY;SSDNEYFYVDFREY;FREYEYDLKWEFPRENLEF;RS	5	JMD_TKD3
RL.1	TKD	DFREYEYDLKWEFPREN	1	TKD1
RL.2	TKD	NGNGSSD	1	TKD2
SE	JMD	EYDL;VDFREYEYDL	2	JMD6
SF	JMD	EYE;EYEYDLK	2	JMD7
SM	JMD	GEPYVDFR	1	JMD8
TR	JMD+TKD	RENDFREYEY;FRS	2	JMD_TKD4
